"class","注音_class","去聲調_class"
"資訊科技應用（二）","ㄗㄒㄩㄣˋㄎㄜㄐㄧˋㄧㄥˋㄩㄥˋㄦˋ","ㄗㄒㄩㄣㄎㄜㄐㄧㄧㄥㄩㄥㄦ"
"經濟學（一）","ㄐㄧㄥㄐㄧˋㄒㄩㄝˊㄧ","ㄐㄧㄥㄐㄧㄒㄩㄝㄧ"
"人力資源管理","ㄖㄣˊㄌㄧˋㄗㄩㄢˊㄍㄨㄢˇㄌㄧˇ","ㄖㄣㄌㄧㄗㄩㄢㄍㄨㄢㄌㄧ"
"高等視窗程式設計","ㄍㄠㄉㄥˇㄕˋㄔㄨㄤㄔㄥˊㄕˋㄕㄜˋㄐㄧˋ","ㄍㄠㄉㄥㄕㄔㄨㄤㄔㄥㄕㄕㄜㄐㄧ"
"Python程式設計","Pythonㄔㄥˊㄕˋㄕㄜˋㄐㄧˋ","Pythonㄔㄥㄕㄕㄜㄐㄧ"
"資料庫應用實作","ㄗㄌㄧㄠˋㄎㄨˋㄧㄥˋㄩㄥˋㄕˊㄗㄨㄛˋ","ㄗㄌㄧㄠㄎㄨㄧㄥㄩㄥㄕㄗㄨㄛ"
"資訊產業分析","ㄗㄒㄩㄣˋㄔㄢˇㄧㄝˋㄈㄣㄒㄧ","ㄗㄒㄩㄣㄔㄢㄧㄝㄈㄣㄒㄧ"
"資訊技術服務管理","ㄗㄒㄩㄣˋㄐㄧˋㄕㄨˋㄈㄨˊㄨˋㄍㄨㄢˇㄌㄧˇ","ㄗㄒㄩㄣㄐㄧㄕㄨㄈㄨㄨㄍㄨㄢㄌㄧ"
"物聯網技術","ㄨˋㄌㄧㄢˊㄨㄤˇㄐㄧˋㄕㄨˋ","ㄨㄌㄧㄢㄨㄤㄐㄧㄕㄨ"
"電子商務","ㄉㄧㄢˋㄗˇㄕㄤㄨˋ","ㄉㄧㄢㄗㄕㄤㄨ"
"Windows.NET技術實作與應用","Windows.NETㄐㄧˋㄕㄨˋㄕˊㄗㄨㄛˋㄩˇㄧㄥˋㄩㄥˋ","Windows.NETㄐㄧㄕㄨㄕㄗㄨㄛㄩㄧㄥㄩㄥ"
"資訊架構與使用者經驗設計","ㄗㄒㄩㄣˋㄐㄧㄚˋㄍㄡˋㄩˇㄕˇㄩㄥˋㄓㄜˇㄐㄧㄥㄧㄢˋㄕㄜˋㄐㄧˋ","ㄗㄒㄩㄣㄐㄧㄚㄍㄡㄩㄕㄩㄥㄓㄜㄐㄧㄥㄧㄢㄕㄜㄐㄧ"
"網路行銷","ㄨㄤˇㄌㄨˋㄒㄧㄥˊㄒㄧㄠ","ㄨㄤㄌㄨㄒㄧㄥㄒㄧㄠ"
"顧客關係管理","ㄍㄨˋㄎㄜˋㄍㄨㄢㄒㄧˋㄍㄨㄢˇㄌㄧˇ","ㄍㄨㄎㄜㄍㄨㄢㄒㄧㄍㄨㄢㄌㄧ"
"資訊科技與知識管理","ㄗㄒㄩㄣˋㄎㄜㄐㄧˋㄩˇㄓㄕˋㄍㄨㄢˇㄌㄧˇ","ㄗㄒㄩㄣㄎㄜㄐㄧㄩㄓㄕㄍㄨㄢㄌㄧ"
"專案管理","ㄓㄨㄢㄢˋㄍㄨㄢˇㄌㄧˇ","ㄓㄨㄢㄢㄍㄨㄢㄌㄧ"
"策略管理","ㄘㄜˋㄌㄩㄝˋㄍㄨㄢˇㄌㄧˇ","ㄘㄜㄌㄩㄝㄍㄨㄢㄌㄧ"
"資料探勘","ㄗㄌㄧㄠˋㄊㄢˋㄎㄢ","ㄗㄌㄧㄠㄊㄢㄎㄢ"
"創新與創業","ㄔㄨㄤˋㄒㄧㄣㄩˇㄔㄨㄤˋㄧㄝˋ","ㄔㄨㄤㄒㄧㄣㄩㄔㄨㄤㄧㄝ"
"ERP與財務管理","ERPㄩˇㄘㄞˊㄨˋㄍㄨㄢˇㄌㄧˇ","ERPㄩㄘㄞㄨㄍㄨㄢㄌㄧ"
"電子化企業","ㄉㄧㄢˋㄗˇㄏㄨㄚˋㄑㄧˋㄧㄝˋ","ㄉㄧㄢㄗㄏㄨㄚㄑㄧㄧㄝ"
"資訊科技管理","ㄗㄒㄩㄣˋㄎㄜㄐㄧˋㄍㄨㄢˇㄌㄧˇ","ㄗㄒㄩㄣㄎㄜㄐㄧㄍㄨㄢㄌㄧ"
"企業實習進階","ㄑㄧˋㄧㄝˋㄕˊㄒㄧˊㄐㄧㄣˋㄐㄧㄝ","ㄑㄧㄧㄝㄕㄒㄧㄐㄧㄣㄐㄧㄝ"
"職場實務專題","ㄓˊㄔㄤˊㄕˊㄨˋㄓㄨㄢㄊㄧˊ","ㄓㄔㄤㄕㄨㄓㄨㄢㄊㄧ"
"演算法","ㄧㄢˇㄙㄨㄢˋㄈㄚˇ","ㄧㄢㄙㄨㄢㄈㄚ"
"管理決策分析專題","ㄍㄨㄢˇㄌㄧˇㄐㄩㄝˊㄘㄜˋㄈㄣㄒㄧㄓㄨㄢㄊㄧˊ","ㄍㄨㄢㄌㄧㄐㄩㄝㄘㄜㄈㄣㄒㄧㄓㄨㄢㄊㄧ"
"大數據專題","ㄉㄚˋㄕㄨˋㄐㄩˋㄓㄨㄢㄊㄧˊ","ㄉㄚㄕㄨㄐㄩㄓㄨㄢㄊㄧ"
"企業智慧系統專題","ㄑㄧˋㄧㄝˋㄓˋㄏㄨㄟˋㄒㄧˋㄊㄨㄥˇㄓㄨㄢㄊㄧˊ","ㄑㄧㄧㄝㄓㄏㄨㄟㄒㄧㄊㄨㄥㄓㄨㄢㄊㄧ"
"創客、創新與創業專題","ㄔㄨㄤˋㄎㄜˋ、ㄔㄨㄤˋㄒㄧㄣㄩˇㄔㄨㄤˋㄧㄝˋㄓㄨㄢㄊㄧˊ","ㄔㄨㄤㄎㄜ、ㄔㄨㄤㄒㄧㄣㄩㄔㄨㄤㄧㄝㄓㄨㄢㄊㄧ"
"動態網頁程式設計","ㄉㄨㄥˋㄊㄞˋㄨㄤˇㄧㄝˋㄔㄥˊㄕˋㄕㄜˋㄐㄧˋ","ㄉㄨㄥㄊㄞㄨㄤㄧㄝㄔㄥㄕㄕㄜㄐㄧ"
"創造力市場力","ㄔㄨㄤˋㄗㄠˋㄌㄧˋㄕˋㄔㄤˊㄌㄧˋ","ㄔㄨㄤㄗㄠㄌㄧㄕㄔㄤㄌㄧ"
"組織行為學","ㄗㄨˇㄓㄒㄧㄥˊㄨㄟˊㄒㄩㄝˊ","ㄗㄨㄓㄒㄧㄥㄨㄟㄒㄩㄝ"
"物件導向技術","ㄨˋㄐㄧㄢˋㄉㄠˇㄒㄧㄤˋㄐㄧˋㄕㄨˋ","ㄨㄐㄧㄢㄉㄠㄒㄧㄤㄐㄧㄕㄨ"
"行銷管理","ㄒㄧㄥˊㄒㄧㄠㄍㄨㄢˇㄌㄧˇ","ㄒㄧㄥㄒㄧㄠㄍㄨㄢㄌㄧ"
"資訊技術服務學習","?ㄗㄒㄩㄣˋㄐㄧˋㄕㄨˋㄈㄨˊㄨˋㄒㄩㄝˊㄒㄧˊ","?ㄗㄒㄩㄣㄐㄧㄕㄨㄈㄨㄨㄒㄩㄝㄒㄧ"
"資料倉儲規劃","?ㄗㄌㄧㄠˋㄘㄤㄔㄨˇㄍㄨㄟㄏㄨㄚˋ","?ㄗㄌㄧㄠㄘㄤㄔㄨㄍㄨㄟㄏㄨㄚ"
"決策支援與商業智慧","ㄐㄩㄝˊㄘㄜˋㄓㄩㄢˊㄩˇㄕㄤㄧㄝˋㄓˋㄏㄨㄟˋ","ㄐㄩㄝㄘㄜㄓㄩㄢㄩㄕㄤㄧㄝㄓㄏㄨㄟ"
"巨量資料分析概論","ㄐㄩˋㄌㄧㄤˋㄗㄌㄧㄠˋㄈㄣㄒㄧㄍㄞˋㄌㄨㄣˋ","ㄐㄩㄌㄧㄤㄗㄌㄧㄠㄈㄣㄒㄧㄍㄞㄌㄨㄣ"
"通路管理","ㄊㄨㄥㄌㄨˋㄍㄨㄢˇㄌㄧˇ","ㄊㄨㄥㄌㄨㄍㄨㄢㄌㄧ"
"雲端資訊系統","?ㄩㄣˊㄉㄨㄢㄗㄒㄩㄣˋㄒㄧˋㄊㄨㄥˇ","?ㄩㄣㄉㄨㄢㄗㄒㄩㄣㄒㄧㄊㄨㄥ"
"ERP與運籌管理","ERPㄩˇㄩㄣˋㄔㄡˊㄍㄨㄢˇㄌㄧˇ","ERPㄩㄩㄣㄔㄡㄍㄨㄢㄌㄧ"
"創新與資訊科技管理","?ㄔㄨㄤˋㄒㄧㄣㄩˇㄗㄒㄩㄣˋㄎㄜㄐㄧˋㄍㄨㄢˇㄌㄧˇ","?ㄔㄨㄤㄒㄧㄣㄩㄗㄒㄩㄣㄎㄜㄐㄧㄍㄨㄢㄌㄧ"
"個案研究","ㄍㄜˋㄢˋㄧㄢˊㄐㄧㄡˋ","ㄍㄜㄢㄧㄢㄐㄧㄡ"
"企業實習","ㄑㄧˋㄧㄝˋㄕˊㄒㄧˊ","ㄑㄧㄧㄝㄕㄒㄧ"
"資訊架構與使用者經驗設計專題","ㄗㄒㄩㄣˋㄐㄧㄚˋㄍㄡˋㄩˇㄕˇㄩㄥˋㄓㄜˇㄐㄧㄥㄧㄢˋㄕㄜˋㄐㄧˋㄓㄨㄢㄊㄧˊ","ㄗㄒㄩㄣㄐㄧㄚㄍㄡㄩㄕㄩㄥㄓㄜㄐㄧㄥㄧㄢㄕㄜㄐㄧㄓㄨㄢㄊㄧ"
"個案研究專題","?ㄍㄜˋㄢˋㄧㄢˊㄐㄧㄡˋㄓㄨㄢㄊㄧˊ","?ㄍㄜㄢㄧㄢㄐㄧㄡㄓㄨㄢㄊㄧ"
"WEB技術研究專題","WEBㄐㄧˋㄕㄨˋㄧㄢˊㄐㄧㄡˋㄓㄨㄢㄊㄧˊ","WEBㄐㄧㄕㄨㄧㄢㄐㄧㄡㄓㄨㄢㄊㄧ"
"軟體工程專題","ㄖㄨㄢˇㄊㄧˇㄍㄨㄥㄔㄥˊㄓㄨㄢㄊㄧˊ","ㄖㄨㄢㄊㄧㄍㄨㄥㄔㄥㄓㄨㄢㄊㄧ"
"企業實務專題(一)","ㄑㄧˋㄧㄝˋㄕˊㄨˋㄓㄨㄢㄊㄧˊㄧ","ㄑㄧㄧㄝㄕㄨㄓㄨㄢㄊㄧㄧ"
"創新管理專題","ㄔㄨㄤˋㄒㄧㄣㄍㄨㄢˇㄌㄧˇㄓㄨㄢㄊㄧˊ","ㄔㄨㄤㄒㄧㄣㄍㄨㄢㄌㄧㄓㄨㄢㄊㄧ"
"體育（貳）","ㄊㄧˇㄩˋㄦˋ","ㄊㄧㄩㄦ"
"班會","ㄅㄢㄏㄨㄟˋ","ㄅㄢㄏㄨㄟ"
"週會","ㄓㄡㄏㄨㄟˋ","ㄓㄡㄏㄨㄟ"
"資訊概論","ㄗㄒㄩㄣˋㄍㄞˋㄌㄨㄣˋ","ㄗㄒㄩㄣㄍㄞㄌㄨㄣ"
"微積分（二）","ㄨㄟˊㄐㄧㄈㄣㄦˋ","ㄨㄟㄐㄧㄈㄣㄦ"
"會計學(一)","ㄎㄨㄞˋㄐㄧˋㄒㄩㄝˊㄧ","ㄎㄨㄞㄐㄧㄒㄩㄝㄧ"
"程式設計（二）","ㄔㄥˊㄕˋㄕㄜˋㄐㄧˋㄦˋ","ㄔㄥㄕㄕㄜㄐㄧㄦ"
"應用英文（二）","ㄧㄥˋㄩㄥˋㄧㄥㄨㄣˊㄦˋ","ㄧㄥㄩㄥㄧㄥㄨㄣㄦ"
"管理資訊系統專題","ㄍㄨㄢˇㄌㄧˇㄗㄒㄩㄣˋㄒㄧˋㄊㄨㄥˇㄓㄨㄢㄊㄧˊ","ㄍㄨㄢㄌㄧㄗㄒㄩㄣㄒㄧㄊㄨㄥㄓㄨㄢㄊㄧ"
"資訊管理研究方法專題","ㄗㄒㄩㄣˋㄍㄨㄢˇㄌㄧˇㄧㄢˊㄐㄧㄡˋㄈㄤㄈㄚˇㄓㄨㄢㄊㄧˊ","ㄗㄒㄩㄣㄍㄨㄢㄌㄧㄧㄢㄐㄧㄡㄈㄤㄈㄚㄓㄨㄢㄊㄧ"
"應用英文（四）","ㄧㄥˋㄩㄥˋㄧㄥㄨㄣˊㄙˋ","ㄧㄥㄩㄥㄧㄥㄨㄣㄙ"
"財務管理","ㄘㄞˊㄨˋㄍㄨㄢˇㄌㄧˇ","ㄘㄞㄨㄍㄨㄢㄌㄧ"
"統計學（二）","ㄊㄨㄥˇㄐㄧˋㄒㄩㄝˊㄦˋ","ㄊㄨㄥㄐㄧㄒㄩㄝㄦ"
"電腦網路導論","ㄉㄧㄢˋㄋㄠˇㄨㄤˇㄌㄨˋㄉㄠˇㄌㄨㄣˋ","ㄉㄧㄢㄋㄠㄨㄤㄌㄨㄉㄠㄌㄨㄣ"
"Web程式設計","Webㄔㄥˊㄕˋㄕㄜˋㄐㄧˋ","Webㄔㄥㄕㄕㄜㄐㄧ"
"資訊管理專題講座","ㄗㄒㄩㄣˋㄍㄨㄢˇㄌㄧˇㄓㄨㄢㄊㄧˊㄐㄧㄤˇㄗㄨㄛˋ","ㄗㄒㄩㄣㄍㄨㄢㄌㄧㄓㄨㄢㄊㄧㄐㄧㄤㄗㄨㄛ"
"碩士論文","ㄕㄨㄛˋㄕˋㄌㄨㄣˋㄨㄣˊ","ㄕㄨㄛㄕㄌㄨㄣㄨㄣ"
"企業資源規劃","ㄑㄧˋㄧㄝˋㄗㄩㄢˊㄍㄨㄟㄏㄨㄚˋ","ㄑㄧㄧㄝㄗㄩㄢㄍㄨㄟㄏㄨㄚ"
"專題研究（一）","ㄓㄨㄢㄊㄧˊㄧㄢˊㄐㄧㄡˋㄧ","ㄓㄨㄢㄊㄧㄧㄢㄐㄧㄡㄧ"
"管理資訊系統","ㄍㄨㄢˇㄌㄧˇㄗㄒㄩㄣˋㄒㄧˋㄊㄨㄥˇ","ㄍㄨㄢㄌㄧㄗㄒㄩㄣㄒㄧㄊㄨㄥ"
"專題講座","ㄓㄨㄢㄊㄧˊㄐㄧㄤˇㄗㄨㄛˋ","ㄓㄨㄢㄊㄧㄐㄧㄤㄗㄨㄛ"
"體育（壹）","ㄊㄧˇㄩˋㄧ","ㄊㄧㄩㄧ"
"應用英文（一）","ㄧㄥˋㄩㄥˋㄧㄥㄨㄣˊㄧ","ㄧㄥㄩㄥㄧㄥㄨㄣㄧ"
"管理學","ㄍㄨㄢˇㄌㄧˇㄒㄩㄝˊ","ㄍㄨㄢㄌㄧㄒㄩㄝ"
"計算機概論","ㄐㄧˋㄙㄨㄢˋㄐㄧㄍㄞˋㄌㄨㄣˋ","ㄐㄧㄙㄨㄢㄐㄧㄍㄞㄌㄨㄣ"
"程式設計（一）","ㄔㄥˊㄕˋㄕㄜˋㄐㄧˋㄧ","ㄔㄥㄕㄕㄜㄐㄧㄧ"
"微積分（一）","ㄨㄟˊㄐㄧㄈㄣㄧ","ㄨㄟㄐㄧㄈㄣㄧ"
"資訊管理研究法","ㄗㄒㄩㄣˋㄍㄨㄢˇㄌㄧˇㄧㄢˊㄐㄧㄡˋㄈㄚˇ","ㄗㄒㄩㄣㄍㄨㄢㄌㄧㄧㄢㄐㄧㄡㄈㄚ"
"資料庫管理專題","ㄗㄌㄧㄠˋㄎㄨˋㄍㄨㄢˇㄌㄧˇㄓㄨㄢㄊㄧˊ","ㄗㄌㄧㄠㄎㄨㄍㄨㄢㄌㄧㄓㄨㄢㄊㄧ"
"應用英文（三）","ㄧㄥˋㄩㄥˋㄧㄥㄨㄣˊㄙㄢ","ㄧㄥㄩㄥㄧㄥㄨㄣㄙㄢ"
"統計學（一）","ㄊㄨㄥˇㄐㄧˋㄒㄩㄝˊㄧ","ㄊㄨㄥㄐㄧㄒㄩㄝㄧ"
"資料結構","ㄗㄌㄧㄠˋㄐㄧㄝˊㄍㄡˋ","ㄗㄌㄧㄠㄐㄧㄝㄍㄡ"
"APP應用系統程式設計","APPㄧㄥˋㄩㄥˋㄒㄧˋㄊㄨㄥˇㄔㄥˊㄕˋㄕㄜˋㄐㄧˋ","APPㄧㄥㄩㄥㄒㄧㄊㄨㄥㄔㄥㄕㄕㄜㄐㄧ"
"資料庫管理","ㄗㄌㄧㄠˋㄎㄨˋㄍㄨㄢˇㄌㄧˇ","ㄗㄌㄧㄠㄎㄨㄍㄨㄢㄌㄧ"
"系統分析與設計","ㄒㄧˋㄊㄨㄥˇㄈㄣㄒㄧㄩˇㄕㄜˋㄐㄧˋ","ㄒㄧㄊㄨㄥㄈㄣㄒㄧㄩㄕㄜㄐㄧ"
"生產與作業管理","ㄕㄥㄔㄢˇㄩˇㄗㄨㄛˋㄧㄝˋㄍㄨㄢˇㄌㄧˇ","ㄕㄥㄔㄢㄩㄗㄨㄛㄧㄝㄍㄨㄢㄌㄧ"
"專題研究（二）","ㄓㄨㄢㄊㄧˊㄧㄢˊㄐㄧㄡˋㄦˋ","ㄓㄨㄢㄊㄧㄧㄢㄐㄧㄡㄦ"
"資訊應用","ㄗㄒㄩㄣˋㄧㄥˋㄩㄥˋ","ㄗㄒㄩㄣㄧㄥㄩㄥ"
"線性代數","ㄒㄧㄢˋㄒㄧㄥˋㄉㄞˋㄕㄨˋ","ㄒㄧㄢㄒㄧㄥㄉㄞㄕㄨ"
"電磁學（二）","ㄉㄧㄢˋㄘˊㄒㄩㄝˊㄦˋ","ㄉㄧㄢㄘㄒㄩㄝㄦ"
"工程應用軟體","ㄍㄨㄥㄔㄥˊㄧㄥˋㄩㄥˋㄖㄨㄢˇㄊㄧˇ","ㄍㄨㄥㄔㄥㄧㄥㄩㄥㄖㄨㄢㄊㄧ"
"向量分析","ㄒㄧㄤˋㄌㄧㄤˋㄈㄣㄒㄧ","ㄒㄧㄤㄌㄧㄤㄈㄣㄒㄧ"
"控制系統","ㄎㄨㄥˋㄓˋㄒㄧˋㄊㄨㄥˇ","ㄎㄨㄥㄓㄒㄧㄊㄨㄥ"
"通訊系統","ㄊㄨㄥㄒㄩㄣˋㄒㄧˋㄊㄨㄥˇ","ㄊㄨㄥㄒㄩㄣㄒㄧㄊㄨㄥ"
"物聯網系統","ㄨˋㄌㄧㄢˊㄨㄤˇㄒㄧˋㄊㄨㄥˇ","ㄨㄌㄧㄢㄨㄤㄒㄧㄊㄨㄥ"
"半導體量測","ㄅㄢˋㄉㄠˇㄊㄧˇㄌㄧㄤˊㄘㄜˋ","ㄅㄢㄉㄠㄊㄧㄌㄧㄤㄘㄜ"
"通訊實驗","ㄊㄨㄥㄒㄩㄣˋㄕˊㄧㄢˋ","ㄊㄨㄥㄒㄩㄣㄕㄧㄢ"
"半導體製程概論","ㄅㄢˋㄉㄠˇㄊㄧˇㄓˋㄔㄥˊㄍㄞˋㄌㄨㄣˋ","ㄅㄢㄉㄠㄊㄧㄓㄔㄥㄍㄞㄌㄨㄣ"
"電子材料概論","ㄉㄧㄢˋㄗˇㄘㄞˊㄌㄧㄠˋㄍㄞˋㄌㄨㄣˋ","ㄉㄧㄢㄗㄘㄞㄌㄧㄠㄍㄞㄌㄨㄣ"
"人工智慧","ㄖㄣˊㄍㄨㄥㄓˋㄏㄨㄟˋ","ㄖㄣㄍㄨㄥㄓㄏㄨㄟ"
"計算機組織","ㄐㄧˋㄙㄨㄢˋㄐㄧㄗㄨˇㄓ","ㄐㄧㄙㄨㄢㄐㄧㄗㄨㄓ"
"電腦視覺概論","ㄉㄧㄢˋㄋㄠˇㄕˋㄐㄩㄝˊㄍㄞˋㄌㄨㄣˋ","ㄉㄧㄢㄋㄠㄕㄐㄩㄝㄍㄞㄌㄨㄣ"
"微處理機通信","ㄨㄟㄔㄨˇㄌㄧˇㄐㄧㄊㄨㄥㄒㄧㄣˋ","ㄨㄟㄔㄨㄌㄧㄐㄧㄊㄨㄥㄒㄧㄣ"
"資料壓縮","ㄗㄌㄧㄠˋㄧㄚㄙㄨㄛ","ㄗㄌㄧㄠㄧㄚㄙㄨㄛ"
"數位影像處理","ㄕㄨˋㄨㄟˋㄧㄥˇㄒㄧㄤˋㄔㄨˇㄌㄧˇ","ㄕㄨㄨㄟㄧㄥㄒㄧㄤㄔㄨㄌㄧ"
"系統晶片設計","ㄒㄧˋㄊㄨㄥˇㄐㄧㄥㄆㄧㄢˋㄕㄜˋㄐㄧˋ","ㄒㄧㄊㄨㄥㄐㄧㄥㄆㄧㄢㄕㄜㄐㄧ"
"光纖通訊專論","ㄍㄨㄤㄒㄧㄢㄊㄨㄥㄒㄩㄣˋㄓㄨㄢㄌㄨㄣˋ","ㄍㄨㄤㄒㄧㄢㄊㄨㄥㄒㄩㄣㄓㄨㄢㄌㄨㄣ"
"OrCAD電子電路設計","OrCADㄉㄧㄢˋㄗˇㄉㄧㄢˋㄌㄨˋㄕㄜˋㄐㄧˋ","OrCADㄉㄧㄢㄗㄉㄧㄢㄌㄨㄕㄜㄐㄧ"
"訊號與系統","ㄒㄩㄣˋㄏㄠˋㄩˇㄒㄧˋㄊㄨㄥˇ","ㄒㄩㄣㄏㄠㄩㄒㄧㄊㄨㄥ"
"電子電路設計","ㄉㄧㄢˋㄗˇㄉㄧㄢˋㄌㄨˋㄕㄜˋㄐㄧˋ","ㄉㄧㄢㄗㄉㄧㄢㄌㄨㄕㄜㄐㄧ"
"超大型積體電路導論","ㄔㄠㄉㄚˋㄒㄧㄥˊㄐㄧㄊㄧˇㄉㄧㄢˋㄌㄨˋㄉㄠˇㄌㄨㄣˋ","ㄔㄠㄉㄚㄒㄧㄥㄐㄧㄊㄧㄉㄧㄢㄌㄨㄉㄠㄌㄨㄣ"
"光纖通訊","ㄍㄨㄤㄒㄧㄢㄊㄨㄥㄒㄩㄣˋ","ㄍㄨㄤㄒㄧㄢㄊㄨㄥㄒㄩㄣ"
"電磁波","ㄉㄧㄢˋㄘˊㄅㄛ","ㄉㄧㄢㄘㄅㄛ"
"太陽電池導論","ㄊㄞˋㄧㄤˊㄉㄧㄢˋㄔˊㄉㄠˇㄌㄨㄣˋ","ㄊㄞㄧㄤㄉㄧㄢㄔㄉㄠㄌㄨㄣ"
"深度學習概論","ㄕㄣㄉㄨˋㄒㄩㄝˊㄒㄧˊㄍㄞˋㄌㄨㄣˋ","ㄕㄣㄉㄨㄒㄩㄝㄒㄧㄍㄞㄌㄨㄣ"
"計量技術概論","ㄐㄧˋㄌㄧㄤˊㄐㄧˋㄕㄨˋㄍㄞˋㄌㄨㄣˋ","ㄐㄧㄌㄧㄤㄐㄧㄕㄨㄍㄞㄌㄨㄣ"
"奈米電子元件","ㄋㄞˋㄇㄧˇㄉㄧㄢˋㄗˇㄩㄢˊㄐㄧㄢˋ","ㄋㄞㄇㄧㄉㄧㄢㄗㄩㄢㄐㄧㄢ"
"職場英文","ㄓˊㄔㄤˊㄧㄥㄨㄣˊ","ㄓㄔㄤㄧㄥㄨㄣ"
"智慧型系統","ㄓˋㄏㄨㄟˋㄒㄧㄥˊㄒㄧˋㄊㄨㄥˇ","ㄓㄏㄨㄟㄒㄧㄥㄒㄧㄊㄨㄥ"
"嵌入式系統實務","ㄑㄧㄢㄖㄨˋㄕˋㄒㄧˋㄊㄨㄥˇㄕˊㄨˋ","ㄑㄧㄢㄖㄨㄕㄒㄧㄊㄨㄥㄕㄨ"
"元件專論","ㄩㄢˊㄐㄧㄢˋㄓㄨㄢㄌㄨㄣˋ","ㄩㄢㄐㄧㄢㄓㄨㄢㄌㄨㄣ"
"電路學（一）","ㄉㄧㄢˋㄌㄨˋㄒㄩㄝˊㄧ","ㄉㄧㄢㄌㄨㄒㄩㄝㄧ"
"微積分（二）","ㄨㄟㄐㄧㄈㄣㄦˋ","ㄨㄟㄐㄧㄈㄣㄦ"
"物理學實驗","ㄨˋㄌㄧˇㄒㄩㄝˊㄕˊㄧㄢˋ","ㄨㄌㄧㄒㄩㄝㄕㄧㄢ"
"數位邏輯設計","ㄕㄨˋㄨㄟˋㄌㄨㄛˊㄐㄧˊㄕㄜˋㄐㄧˋ","ㄕㄨㄨㄟㄌㄨㄛㄐㄧㄕㄜㄐㄧ"
"論文研討（二）","ㄌㄨㄣˋㄨㄣˊㄧㄢˊㄊㄠˇㄦˋ","ㄌㄨㄣㄨㄣㄧㄢㄊㄠㄦ"
"電子電路實驗（二）","ㄉㄧㄢˋㄗˇㄉㄧㄢˋㄌㄨˋㄕˊㄧㄢˋㄦˋ","ㄉㄧㄢㄗㄉㄧㄢㄌㄨㄕㄧㄢㄦ"
"工程數學（二）","ㄍㄨㄥㄔㄥˊㄕㄨˋㄒㄩㄝˊㄦˋ","ㄍㄨㄥㄔㄥㄕㄨㄒㄩㄝㄦ"
"電子學（二）","ㄉㄧㄢˋㄗˇㄒㄩㄝˊㄦˋ","ㄉㄧㄢㄗㄒㄩㄝㄦ"
"微處理機原理與實習","ㄨㄟㄔㄨˇㄌㄧˇㄐㄧㄩㄢˊㄌㄧˇㄩˇㄕˊㄒㄧˊ","ㄨㄟㄔㄨㄌㄧㄐㄧㄩㄢㄌㄧㄩㄕㄒㄧ"
"論文研討（四）","ㄌㄨㄣˋㄨㄣˊㄧㄢˊㄊㄠˇㄙˋ","ㄌㄨㄣㄨㄣㄧㄢㄊㄠㄙ"
"物理學","ㄨˋㄌㄧˇㄒㄩㄝˊ","ㄨㄌㄧㄒㄩㄝ"
"論文研討（一）","ㄌㄨㄣˋㄨㄣˊㄧㄢˊㄊㄠˇㄧ","ㄌㄨㄣㄨㄣㄧㄢㄊㄠㄧ"
"電路學（二）","ㄉㄧㄢˋㄌㄨˋㄒㄩㄝˊㄦˋ","ㄉㄧㄢㄌㄨㄒㄩㄝㄦ"
"電磁學（一）","ㄉㄧㄢˋㄘˊㄒㄩㄝˊㄧ","ㄉㄧㄢㄘㄒㄩㄝㄧ"
"電子電路實驗（一）","ㄉㄧㄢˋㄗˇㄉㄧㄢˋㄌㄨˋㄕˊㄧㄢˋㄧ","ㄉㄧㄢㄗㄉㄧㄢㄌㄨㄕㄧㄢㄧ"
"工程數學（一）","ㄍㄨㄥㄔㄥˊㄕㄨˋㄒㄩㄝˊㄧ","ㄍㄨㄥㄔㄥㄕㄨㄒㄩㄝㄧ"
"電子學（一）","ㄉㄧㄢˋㄗˇㄒㄩㄝˊㄧ","ㄉㄧㄢㄗㄒㄩㄝㄧ"
"數位系統設計與實習","ㄕㄨˋㄨㄟˋㄒㄧˋㄊㄨㄥˇㄕㄜˋㄐㄧˋㄩˇㄕˊㄒㄧˊ","ㄕㄨㄨㄟㄒㄧㄊㄨㄥㄕㄜㄐㄧㄩㄕㄒㄧ"
"論文研討（三）","ㄌㄨㄣˋㄨㄣˊㄧㄢˊㄊㄠˇㄙㄢ","ㄌㄨㄣㄨㄣㄧㄢㄊㄠㄙㄢ"
"電子電路實驗（三）","ㄉㄧㄢˋㄗˇㄉㄧㄢˋㄌㄨˋㄕˊㄧㄢˋㄙㄢ","ㄉㄧㄢㄗㄉㄧㄢㄌㄨㄕㄧㄢㄙㄢ"
"資訊應用（二）","ㄗㄒㄩㄣˋㄧㄥㄩㄥˋㄦˋ","ㄗㄒㄩㄣㄧㄥㄩㄥㄦ"
"基本電學","ㄐㄧㄅㄣˇㄉㄧㄢˋㄒㄩㄝˊ","ㄐㄧㄅㄣㄉㄧㄢㄒㄩㄝ"
"CPLD設計","CPLDㄕㄜˋㄐㄧˋ","CPLDㄕㄜㄐㄧ"
"JAVA應用程式設計","JAVAㄧㄥˋㄩㄥˋㄔㄥˊㄕˋㄕㄜˋㄐㄧˋ","JAVAㄧㄥㄩㄥㄔㄥㄕㄕㄜㄐㄧ"
"通訊導論","ㄊㄨㄥㄒㄩㄣˋㄉㄠˇㄌㄨㄣˋ","ㄊㄨㄥㄒㄩㄣㄉㄠㄌㄨㄣ"
"進階電子電路","ㄐㄧㄣˋㄐㄧㄝㄉㄧㄢˋㄗˇㄉㄧㄢˋㄌㄨˋ","ㄐㄧㄣㄐㄧㄝㄉㄧㄢㄗㄉㄧㄢㄌㄨ"
"計算機結構","ㄐㄧˋㄙㄨㄢˋㄐㄧㄐㄧㄝˊㄍㄡˋ","ㄐㄧㄙㄨㄢㄐㄧㄐㄧㄝㄍㄡ"
"視窗程式設計","ㄕˋㄔㄨㄤㄔㄥˊㄕˋㄕㄜˋㄐㄧˋ","ㄕㄔㄨㄤㄔㄥㄕㄕㄜㄐㄧ"
"資料庫程式設計","ㄗㄌㄧㄠˋㄎㄨˋㄔㄥˊㄕˋㄕㄜˋㄐㄧˋ","ㄗㄌㄧㄠㄎㄨㄔㄥㄕㄕㄜㄐㄧ"
"網路原理與技術","ㄨㄤˇㄌㄨˋㄩㄢˊㄌㄧˇㄩˇㄐㄧˋㄕㄨˋ","ㄨㄤㄌㄨㄩㄢㄌㄧㄩㄐㄧㄕㄨ"
"網路程式設計","ㄨㄤˇㄌㄨˋㄔㄥˊㄕˋㄕㄜˋㄐㄧˋ","ㄨㄤㄌㄨㄔㄥㄕㄕㄜㄐㄧ"
"數位訊號處理","ㄕㄨˋㄨㄟˋㄒㄩㄣˋㄏㄠˋㄔㄨˇㄌㄧˇ","ㄕㄨㄨㄟㄒㄩㄣㄏㄠㄔㄨㄌㄧ"
"基礎天線理論","ㄐㄧㄔㄨˇㄊㄧㄢㄒㄧㄢˋㄌㄧˇㄌㄨㄣˋ","ㄐㄧㄔㄨㄊㄧㄢㄒㄧㄢㄌㄧㄌㄨㄣ"
"數位通訊","ㄕㄨˋㄨㄟˋㄊㄨㄥㄒㄩㄣˋ","ㄕㄨㄨㄟㄊㄨㄥㄒㄩㄣ"
"進階微處理系統","ㄐㄧㄣˋㄐㄧㄝㄨㄟˊㄔㄨˇㄌㄧˇㄒㄧˋㄊㄨㄥˇ","ㄐㄧㄣㄐㄧㄝㄨㄟㄔㄨㄌㄧㄒㄧㄊㄨㄥ"
"機器人控制","ㄐㄧㄑㄧˋㄖㄣˊㄎㄨㄥˋㄓˋ","ㄐㄧㄑㄧㄖㄣㄎㄨㄥㄓ"
"APP程式設計","APPㄔㄥˊㄕˋㄕㄜˋㄐㄧˋ","APPㄔㄥㄕㄕㄜㄐㄧ"
"機器學習導論","ㄐㄧㄑㄧˋㄒㄩㄝˊㄒㄧˊㄉㄠˇㄌㄨㄣˋ","ㄐㄧㄑㄧㄒㄩㄝㄒㄧㄉㄠㄌㄨㄣ"
"網際網路應用","ㄨㄤˇㄐㄧˋㄨㄤˇㄌㄨˋㄧㄥㄩㄥˋ","ㄨㄤㄐㄧㄨㄤㄌㄨㄧㄥㄩㄥ"
"通訊元件設計","ㄊㄨㄥㄒㄩㄣˋㄩㄢˊㄐㄧㄢˋㄕㄜˋㄐㄧˋ","ㄊㄨㄥㄒㄩㄣㄩㄢㄐㄧㄢㄕㄜㄐㄧ"
"資訊科技專題","ㄗㄒㄩㄣˋㄎㄜㄐㄧˋㄓㄨㄢㄊㄧˊ","ㄗㄒㄩㄣㄎㄜㄐㄧㄓㄨㄢㄊㄧ"
"網路分析","ㄨㄤˇㄌㄨˋㄈㄣㄒㄧ","ㄨㄤㄌㄨㄈㄣㄒㄧ"
"網路安全","ㄨㄤˇㄌㄨˋㄢㄑㄩㄢˊ","ㄨㄤㄌㄨㄢㄑㄩㄢ"
"作業系統實務","ㄗㄨㄛˋㄧㄝˋㄒㄧˋㄊㄨㄥˇㄕˊㄨˋ","ㄗㄨㄛㄧㄝㄒㄧㄊㄨㄥㄕㄨ"
"工程數學","ㄍㄨㄥㄔㄥˊㄕㄨˋㄒㄩㄝˊ","ㄍㄨㄥㄔㄥㄕㄨㄒㄩㄝ"
"機率與統計","ㄐㄧㄌㄩˋㄩˇㄊㄨㄥˇㄐㄧˋ","ㄐㄧㄌㄩㄩㄊㄨㄥㄐㄧ"
"微波工程","ㄨㄟㄅㄛㄍㄨㄥㄔㄥˊ","ㄨㄟㄅㄛㄍㄨㄥㄔㄥ"
"通訊原理","ㄊㄨㄥㄒㄩㄣˋㄩㄢˊㄌㄧˇ","ㄊㄨㄥㄒㄩㄣㄩㄢㄌㄧ"
"網路規劃","ㄨㄤˇㄌㄨˋㄍㄨㄟㄏㄨㄚˊ","ㄨㄤㄌㄨㄍㄨㄟㄏㄨㄚ"
"廣域網路","ㄍㄨㄤˇㄩˋㄨㄤˇㄌㄨˋ","ㄍㄨㄤㄩㄨㄤㄌㄨ"
"電腦視覺","ㄉㄧㄢˋㄋㄠˇㄕˋㄐㄩㄝˊ","ㄉㄧㄢㄋㄠㄕㄐㄩㄝ"
"資訊安全導論","ㄗㄒㄩㄣˋㄢㄑㄩㄢˊㄉㄠˇㄌㄨㄣˋ","ㄗㄒㄩㄣㄢㄑㄩㄢㄉㄠㄌㄨㄣ"
"視訊處理","ㄕˋㄒㄩㄣˋㄔㄨˇㄌㄧˇ","ㄕㄒㄩㄣㄔㄨㄌㄧ"
"通訊技術專題","ㄊㄨㄥㄒㄩㄣˋㄐㄧˋㄕㄨˋㄓㄨㄢㄊㄧˊ","ㄊㄨㄥㄒㄩㄣㄐㄧㄕㄨㄓㄨㄢㄊㄧ"
"高速網路","ㄍㄠㄙㄨˋㄨㄤˇㄌㄨˋ","ㄍㄠㄙㄨㄨㄤㄌㄨ"
"作業系統","ㄗㄨㄛˋㄧㄝˋㄒㄧˋㄊㄨㄥˇ","ㄗㄨㄛㄧㄝㄒㄧㄊㄨㄥ"
"微處理機系統","ㄨㄟˊㄔㄨˇㄌㄧˇㄐㄧㄒㄧˋㄊㄨㄥˇ","ㄨㄟㄔㄨㄌㄧㄐㄧㄒㄧㄊㄨㄥ"
"行動裝置程式設計","ㄒㄧㄥˊㄉㄨㄥˋㄓㄨㄤㄓˋㄔㄥˊㄕˋㄕㄜˋㄐㄧˋ","ㄒㄧㄥㄉㄨㄥㄓㄨㄤㄓㄔㄥㄕㄕㄜㄐㄧ"
"電腦與通訊工程講座","ㄉㄧㄢˋㄋㄠˇㄩˇㄊㄨㄥㄒㄩㄣˋㄍㄨㄥㄔㄥˊㄐㄧㄤˇㄗㄨㄛˋ","ㄉㄧㄢㄋㄠㄩㄊㄨㄥㄒㄩㄣㄍㄨㄥㄔㄥㄐㄧㄤㄗㄨㄛ"
"數位系統","ㄕㄨˋㄨㄟˋㄒㄧˋㄊㄨㄥˇ","ㄕㄨㄨㄟㄒㄧㄊㄨㄥ"
"數位系統實驗","ㄕㄨˋㄨㄟˋㄒㄧˋㄊㄨㄥˇㄕˊㄧㄢˋ","ㄕㄨㄨㄟㄒㄧㄊㄨㄥㄕㄧㄢ"
"電子電路","ㄉㄧㄢˋㄗˇㄉㄧㄢˋㄌㄨˋ","ㄉㄧㄢㄗㄉㄧㄢㄌㄨ"
"電子電路實驗","ㄉㄧㄢˋㄗˇㄉㄧㄢˋㄌㄨˋㄕˊㄧㄢˋ","ㄉㄧㄢㄗㄉㄧㄢㄌㄨㄕㄧㄢ"
"JAVA程式設計","JAVAㄔㄥˊㄕˋㄕㄜˋㄐㄧˋ","JAVAㄔㄥㄕㄕㄜㄐㄧ"
"TCP／IP網路原理與技術","TCP／IPㄨㄤˇㄌㄨˋㄩㄢˊㄌㄧˇㄩˇㄐㄧˋㄕㄨˋ","TCP／IPㄨㄤㄌㄨㄩㄢㄌㄧㄩㄐㄧㄕㄨ"
"多媒體導論","ㄉㄨㄛㄇㄟˊㄊㄧˇㄉㄠˇㄌㄨㄣˋ","ㄉㄨㄛㄇㄟㄊㄧㄉㄠㄌㄨㄣ"
"XML程式設計","XMLㄔㄥˊㄕˋㄕㄜˋㄐㄧˋ","XMLㄔㄥㄕㄕㄜㄐㄧ"
"資訊科技應用","ㄗㄒㄩㄣˋㄎㄜㄐㄧˋㄧㄥㄩㄥˋ","ㄗㄒㄩㄣㄎㄜㄐㄧㄧㄥㄩㄥ"
"網路入侵偵測","ㄨㄤˇㄌㄨˋㄖㄨˋㄑㄧㄣㄓㄣㄘㄜˋ","ㄨㄤㄌㄨㄖㄨㄑㄧㄣㄓㄣㄘㄜ"
"機器學習","ㄐㄧㄑㄧˋㄒㄩㄝˊㄒㄧˊ","ㄐㄧㄑㄧㄒㄩㄝㄒㄧ"
"互動媒體設計","ㄏㄨˋㄉㄨㄥˋㄇㄟˊㄊㄧˇㄕㄜˋㄐㄧˋ","ㄏㄨㄉㄨㄥㄇㄟㄊㄧㄕㄜㄐㄧ"
"邊緣運算實務","ㄅㄧㄢㄩㄢˊㄩㄣˋㄙㄨㄢˋㄕˊㄨˋ","ㄅㄧㄢㄩㄢㄩㄣㄙㄨㄢㄕㄨ"
"Linux系統應用實務","Linuxㄒㄧˋㄊㄨㄥˇㄧㄥˋㄩㄥˋㄕˊㄨˋ","Linuxㄒㄧㄊㄨㄥㄧㄥㄩㄥㄕㄨ"
"Weka實務資料分析","Wekaㄕˊㄨˋㄗㄌㄧㄠˋㄈㄣㄒㄧ","Wekaㄕㄨㄗㄌㄧㄠㄈㄣㄒㄧ"
"深度學習與應用","ㄕㄣㄉㄨˋㄒㄩㄝˊㄒㄧˊㄩˇㄧㄥㄩㄥˋ","ㄕㄣㄉㄨㄒㄩㄝㄒㄧㄩㄧㄥㄩㄥ"
"進階CPP程式設計","ㄐㄧㄣˋㄐㄧㄝCPPㄔㄥˊㄕˋㄕㄜˋㄐㄧˋ","ㄐㄧㄣㄐㄧㄝCPPㄔㄥㄕㄕㄜㄐㄧ"
"資訊倫理","ㄗㄒㄩㄣˋㄌㄨㄣˊㄌㄧˇ","ㄗㄒㄩㄣㄌㄨㄣㄌㄧ"
"類神經與深度學習導論","ㄌㄟˋㄕㄣˊㄐㄧㄥㄩˇㄕㄣㄉㄨˋㄒㄩㄝˊㄒㄧˊㄉㄠˇㄌㄨㄣˋ","ㄌㄟㄕㄣㄐㄧㄥㄩㄕㄣㄉㄨㄒㄩㄝㄒㄧㄉㄠㄌㄨㄣ"
"程式設計專題","ㄔㄥˊㄕˋㄕㄜˋㄐㄧˋㄓㄨㄢㄊㄧˊ","ㄔㄥㄕㄕㄜㄐㄧㄓㄨㄢㄊㄧ"
"區塊鏈技術","ㄑㄩㄎㄨㄞˋㄌㄧㄢˋㄐㄧˋㄕㄨˋ","ㄑㄩㄎㄨㄞㄌㄧㄢㄐㄧㄕㄨ"
"進階JAVA程式設計與認證","ㄐㄧㄣˋㄐㄧㄝJAVAㄔㄥˊㄕˋㄕㄜˋㄐㄧˋㄩˇㄖㄣˋㄓㄥˋ","ㄐㄧㄣㄐㄧㄝJAVAㄔㄥㄕㄕㄜㄐㄧㄩㄖㄣㄓㄥ"
"商業智慧","ㄕㄤㄧㄝˋㄓˋㄏㄨㄟˋ","ㄕㄤㄧㄝㄓㄏㄨㄟ"
"進階程式設計與認證","ㄐㄧㄣˋㄐㄧㄝㄔㄥˊㄕˋㄕㄜˋㄐㄧˋㄩˇㄖㄣˋㄓㄥˋ","ㄐㄧㄣㄐㄧㄝㄔㄥㄕㄕㄜㄐㄧㄩㄖㄣㄓㄥ"
"網際網路技術","ㄨㄤˇㄐㄧˋㄨㄤˇㄌㄨˋㄐㄧˋㄕㄨˋ","ㄨㄤㄐㄧㄨㄤㄌㄨㄐㄧㄕㄨ"
"模糊系統","ㄇㄛˊㄏㄨㄒㄧˋㄊㄨㄥˇ","ㄇㄛㄏㄨㄒㄧㄊㄨㄥ"
"高等資料探勘","ㄍㄠㄉㄥˇㄗㄌㄧㄠˋㄊㄢˋㄎㄢ","ㄍㄠㄉㄥㄗㄌㄧㄠㄊㄢㄎㄢ"
"感測器原理與應用","ㄍㄢˇㄘㄜˋㄑㄧˋㄩㄢˊㄌㄧˇㄩˇㄧㄥˋㄩㄥˋ","ㄍㄢㄘㄜㄑㄧㄩㄢㄌㄧㄩㄧㄥㄩㄥ"
"程式設計與認證（一）","ㄔㄥˊㄕˋㄕㄜˋㄐㄧˋㄩˇㄖㄣˋㄓㄥˋㄧ","ㄔㄥㄕㄕㄜㄐㄧㄩㄖㄣㄓㄥㄧ"
"機密分享概論","ㄐㄧㄇㄧˋㄈㄣㄒㄧㄤˇㄍㄞˋㄌㄨㄣˋ","ㄐㄧㄇㄧㄈㄣㄒㄧㄤㄍㄞㄌㄨㄣ"
"網路規劃與管理","ㄨㄤˇㄌㄨˋㄍㄨㄟㄏㄨㄚˋㄩˇㄍㄨㄢˇㄌㄧˇ","ㄨㄤㄌㄨㄍㄨㄟㄏㄨㄚㄩㄍㄨㄢㄌㄧ"
"軟體工程導論","ㄖㄨㄢˇㄊㄧˇㄍㄨㄥㄔㄥˊㄉㄠˇㄌㄨㄣˋ","ㄖㄨㄢㄊㄧㄍㄨㄥㄔㄥㄉㄠㄌㄨㄣ"
"創新創意專案開發","ㄔㄨㄤˋㄒㄧㄣㄔㄨㄤˋㄧˋㄓㄨㄢㄢˋㄎㄞㄈㄚ","ㄔㄨㄤㄒㄧㄣㄔㄨㄤㄧㄓㄨㄢㄢㄎㄞㄈㄚ"
"互動電子技術專題","ㄏㄨˋㄉㄨㄥˋㄉㄧㄢˋㄗˇㄐㄧˋㄕㄨˋㄓㄨㄢㄊㄧˊ","ㄏㄨㄉㄨㄥㄉㄧㄢㄗㄐㄧㄕㄨㄓㄨㄢㄊㄧ"
"資訊法律","ㄗㄒㄩㄣˋㄈㄚˇㄌㄩˋ","ㄗㄒㄩㄣㄈㄚㄌㄩ"
"演算法設計專題","ㄧㄢˇㄙㄨㄢˋㄈㄚˇㄕㄜˋㄐㄧˋㄓㄨㄢㄊㄧˊ","ㄧㄢㄙㄨㄢㄈㄚㄕㄜㄐㄧㄓㄨㄢㄊㄧ"
"網頁設計與實務應用","ㄨㄤˇㄧㄝˋㄕㄜˋㄐㄧˋㄩˇㄕˊㄨˋㄧㄥㄩㄥˋ","ㄨㄤㄧㄝㄕㄜㄐㄧㄩㄕㄨㄧㄥㄩㄥ"
"類神經與深度學習進階","ㄌㄟˋㄕㄣˊㄐㄧㄥㄩˇㄕㄣㄉㄨˋㄒㄩㄝˊㄒㄧˊㄐㄧㄣˋㄐㄧㄝ","ㄌㄟㄕㄣㄐㄧㄥㄩㄕㄣㄉㄨㄒㄩㄝㄒㄧㄐㄧㄣㄐㄧㄝ"
"智慧型系統設計","ㄓˋㄏㄨㄟˋㄒㄧㄥˊㄒㄧˋㄊㄨㄥˇㄕㄜˋㄐㄧˋ","ㄓㄏㄨㄟㄒㄧㄥㄒㄧㄊㄨㄥㄕㄜㄐㄧ"
"離散數學","ㄌㄧˊㄙㄢˋㄕㄨˋㄒㄩㄝˊ","ㄌㄧㄙㄢㄕㄨㄒㄩㄝ"
"電子電路學","ㄉㄧㄢˋㄗˇㄉㄧㄢˋㄌㄨˋㄒㄩㄝˊ","ㄉㄧㄢㄗㄉㄧㄢㄌㄨㄒㄩㄝ"
"軟體工程","ㄖㄨㄢˇㄊㄧˇㄍㄨㄥㄔㄥˊ","ㄖㄨㄢㄊㄧㄍㄨㄥㄔㄥ"
"數位邏輯實驗","ㄕㄨˋㄨㄟˋㄌㄨㄛˊㄐㄧˊㄕˊㄧㄢˋ","ㄕㄨㄨㄟㄌㄨㄛㄐㄧㄕㄧㄢ"
"人工智慧概論","ㄖㄣˊㄍㄨㄥㄓˋㄏㄨㄟˋㄍㄞˋㄌㄨㄣˋ","ㄖㄣㄍㄨㄥㄓㄏㄨㄟㄍㄞㄌㄨㄣ"
"演算法分析與設計","ㄧㄢˇㄙㄨㄢˋㄈㄚˇㄈㄣㄒㄧㄩˇㄕㄜˋㄐㄧˋ","ㄧㄢㄙㄨㄢㄈㄚㄈㄣㄒㄧㄩㄕㄜㄐㄧ"
"資料庫系統","ㄗㄌㄧㄠˋㄎㄨˋㄒㄧˋㄊㄨㄥˇ","ㄗㄌㄧㄠㄎㄨㄒㄧㄊㄨㄥ"
"資訊應用（二）","ㄗㄒㄩㄣˋㄧㄥˋㄩㄥˋㄦˋ","ㄗㄒㄩㄣㄧㄥㄩㄥㄦ"
"人工智慧導論","ㄖㄣˊㄍㄨㄥㄓˋㄏㄨㄟˋㄉㄠˇㄌㄨㄣˋ","ㄖㄣㄍㄨㄥㄓㄏㄨㄟㄉㄠㄌㄨㄣ"
"人機介面設計","ㄖㄣˊㄐㄧㄐㄧㄝˋㄇㄧㄢˋㄕㄜˋㄐㄧˋ","ㄖㄣㄐㄧㄐㄧㄝㄇㄧㄢㄕㄜㄐㄧ"
"媒體實務","ㄇㄟˊㄊㄧˇㄕˊㄨˋ","ㄇㄟㄊㄧㄕㄨ"
"態度說服與影響","ㄊㄞˋㄉㄨˋㄕㄨㄟˋㄈㄨˊㄩˇㄧㄥˇㄒㄧㄤˇ","ㄊㄞㄉㄨㄕㄨㄟㄈㄨㄩㄧㄥㄒㄧㄤ"
"物聯網實務應用","ㄨˋㄌㄧㄢˊㄨㄤˇㄕˊㄨˋㄧㄥˋㄩㄥˋ","ㄨㄌㄧㄢㄨㄤㄕㄨㄧㄥㄩㄥ"
"數位媒體傳播工程","ㄕㄨˋㄨㄟˋㄇㄟˊㄊㄧˇㄔㄨㄢˊㄅㄛㄍㄨㄥㄔㄥˊ","ㄕㄨㄨㄟㄇㄟㄊㄧㄔㄨㄢㄅㄛㄍㄨㄥㄔㄥ"
"網路通訊程式設計","ㄨㄤˇㄌㄨˋㄊㄨㄥㄒㄩㄣˋㄔㄥˊㄕˋㄕㄜˋㄐㄧˋ","ㄨㄤㄌㄨㄊㄨㄥㄒㄩㄣㄔㄥㄕㄕㄜㄐㄧ"
"數位媒體專題","ㄕㄨˋㄨㄟˋㄇㄟˊㄊㄧˇㄓㄨㄢㄊㄧˊ","ㄕㄨㄨㄟㄇㄟㄊㄧㄓㄨㄢㄊㄧ"
"網路程式開發","ㄨㄤˇㄌㄨˋㄔㄥˊㄕˋㄎㄞㄈㄚ","ㄨㄤㄌㄨㄔㄥㄕㄎㄞㄈㄚ"
"高等人工智慧","ㄍㄠㄉㄥˇㄖㄣˊㄍㄨㄥㄓˋㄏㄨㄟˋ","ㄍㄠㄉㄥㄖㄣㄍㄨㄥㄓㄏㄨㄟ"
"進階資訊數學","ㄐㄧㄣˋㄐㄧㄝㄗㄒㄩㄣˋㄕㄨˋㄒㄩㄝˊ","ㄐㄧㄣㄐㄧㄝㄗㄒㄩㄣㄕㄨㄒㄩㄝ"
"遊戲程式設計","ㄧㄡˊㄒㄧˋㄔㄥˊㄕˋㄕㄜˋㄐㄧˋ","ㄧㄡㄒㄧㄔㄥㄕㄕㄜㄐㄧ"
"互動技術概論","ㄏㄨˋㄉㄨㄥˋㄐㄧˋㄕㄨˋㄍㄞˋㄌㄨㄣˋ","ㄏㄨㄉㄨㄥㄐㄧㄕㄨㄍㄞㄌㄨㄣ"
"3D動畫設計","3Dㄉㄨㄥˋㄏㄨㄚˋㄕㄜˋㄐㄧˋ","3Dㄉㄨㄥㄏㄨㄚㄕㄜㄐㄧ"
"物聯網導論","ㄨˋㄌㄧㄢˊㄨㄤˇㄉㄠˇㄌㄨㄣˋ","ㄨㄌㄧㄢㄨㄤㄉㄠㄌㄨㄣ"
"區域網路","ㄑㄩㄩˋㄨㄤˇㄌㄨˋ","ㄑㄩㄩㄨㄤㄌㄨ"
"手機互動程式設計","ㄕㄡˇㄐㄧㄏㄨˋㄉㄨㄥˋㄔㄥˊㄕˋㄕㄜˋㄐㄧˋ","ㄕㄡㄐㄧㄏㄨㄉㄨㄥㄔㄥㄕㄕㄜㄐㄧ"
"無線網路技術","ㄨˊㄒㄧㄢˋㄨㄤˇㄌㄨˋㄐㄧˋㄕㄨˋ","ㄨㄒㄧㄢㄨㄤㄌㄨㄐㄧㄕㄨ"
"串媒體（跨媒體）節目製播","ㄔㄨㄢˋㄇㄟˊㄊㄧˇㄎㄨㄚˋㄇㄟˊㄊㄧˇㄐㄧㄝˊㄇㄨˋㄓˋㄅㄛ","ㄔㄨㄢㄇㄟㄊㄧㄎㄨㄚㄇㄟㄊㄧㄐㄧㄝㄇㄨㄓㄅㄛ"
"多媒體編碼壓縮","ㄉㄨㄛㄇㄟˊㄊㄧˇㄅㄧㄢㄇㄚˇㄧㄚㄙㄨㄛ","ㄉㄨㄛㄇㄟㄊㄧㄅㄧㄢㄇㄚㄧㄚㄙㄨㄛ"
"網路傳播專題","ㄨㄤˇㄌㄨˋㄔㄨㄢˊㄅㄛㄓㄨㄢㄊㄧˊ","ㄨㄤㄌㄨㄔㄨㄢㄅㄛㄓㄨㄢㄊㄧ"
"行動與無線通訊","ㄒㄧㄥˊㄉㄨㄥˋㄩˇㄨˊㄒㄧㄢˋㄊㄨㄥㄒㄩㄣˋ","ㄒㄧㄥㄉㄨㄥㄩㄨㄒㄧㄢㄊㄨㄥㄒㄩㄣ"
"數位內容概論","ㄕㄨˋㄨㄟˋㄋㄟˋㄖㄨㄥˊㄍㄞˋㄌㄨㄣˋ","ㄕㄨㄨㄟㄋㄟㄖㄨㄥㄍㄞㄌㄨㄣ"
"數位系統導論","ㄕㄨˋㄨㄟˋㄒㄧˋㄊㄨㄥˇㄉㄠˇㄌㄨㄣˋ","ㄕㄨㄨㄟㄒㄧㄊㄨㄥㄉㄠㄌㄨㄣ"
"技術寫作","ㄐㄧˋㄕㄨˋㄒㄧㄝˇㄗㄨㄛˋ","ㄐㄧㄕㄨㄒㄧㄝㄗㄨㄛ"
"電腦圖學","ㄉㄧㄢˋㄋㄠˇㄊㄨˊㄒㄩㄝˊ","ㄉㄧㄢㄋㄠㄊㄨㄒㄩㄝ"
"進階程式設計","ㄐㄧㄣˋㄐㄧㄝㄔㄥˊㄕˋㄕㄜˋㄐㄧˋ","ㄐㄧㄣㄐㄧㄝㄔㄥㄕㄕㄜㄐㄧ"
"3D設計與實務","3Dㄕㄜˋㄐㄧˋㄩˇㄕˊㄨˋ","3Dㄕㄜㄐㄧㄩㄕㄨ"
"多媒體通訊概論","ㄉㄨㄛㄇㄟˊㄊㄧˇㄊㄨㄥㄒㄩㄣˋㄍㄞˋㄌㄨㄣˋ","ㄉㄨㄛㄇㄟㄊㄧㄊㄨㄥㄒㄩㄣㄍㄞㄌㄨㄣ"
"傳播概論","ㄔㄨㄢˊㄅㄛㄍㄞˋㄌㄨㄣˋ","ㄔㄨㄢㄅㄛㄍㄞㄌㄨㄣ"
"資料庫管理系統","ㄗㄌㄧㄠˋㄎㄨˋㄍㄨㄢˇㄌㄧˇㄒㄧˋㄊㄨㄥˇ","ㄗㄌㄧㄠㄎㄨㄍㄨㄢㄌㄧㄒㄧㄊㄨㄥ"
"資料結構實務","ㄗㄌㄧㄠˋㄐㄧㄝˊㄍㄡˋㄕˊㄨˋ","ㄗㄌㄧㄠㄐㄧㄝㄍㄡㄕㄨ"
"資訊講座","ㄗㄒㄩㄣˋㄐㄧㄤˇㄗㄨㄛˋ","ㄗㄒㄩㄣㄐㄧㄤㄗㄨㄛ"
